"sep=,"
Iteration 1,8.6996825999s
Iteration 2,8.4097167s
Iteration 3,8.4975306999s
Iteration 4,8.3885963s
Iteration 5,8.6922276001s
Iteration 6,8.5683003s
Iteration 7,8.6052354001s
Iteration 8,8.4019096999s
Iteration 9,8.1088894999s
Iteration 10,8.4029593999s
Mean,8.477504819970001s
