"sep=,"
Iteration 1,3883.097675s
Mean,3883.097675s
