"sep=,"
Iteration 1,431.7487566s
Iteration 2,479.2139215s
Iteration 3,479.1853902s
Iteration 4,478.3719569s
Iteration 5,478.469096s
Iteration 6,478.7761014s
Iteration 7,478.5842974s
Iteration 8,478.9113802s
Iteration 9,478.9614112s
Iteration 10,479.0164481s
Mean,474.12387595s
